Date,Product_ID,Product_Category,Sales,Customer_Age,Customer_Gender,Region,Discount_Applied
2023-04-13,P1042,Sports,55.58,30.0,Male,North,False
2023-12-15,P1002,Sports,24.39,63.0,Other,South,False
2023-09-28,P1032,Electronics,413.25,20.0,Other,South,False
2023-04-17,P1005,Beauty,112.78,27.0,Other,South,False
2023-03-13,P1049,Electronics,195.72,55.0,Other,South,False
2023-07-08,P1009,Sports,486.99,18.0,Female,North,False
2023-01-21,P1004,Clothing,175.05,44.0,Male,West,False
2023-04-13,P1022,Sports,155.28,63.0,Other,West,False
2023-05-02,P1009,Beauty,459.92,25.0,Female,North,False
2023-08-03,P1043,Sports,64.27,68.0,Other,North,False
2023-11-27,P1001,Beauty,382.2,63.0,Other,East,False
2023-03-29,P1012,Beauty,494.15,59.0,Female,East,False
2023-04-10,P1039,Beauty,451.64,34.0,Female,East,True
2023-12-26,P1001,Beauty,329.32,26.0,Male,South,False
2023-06-01,P1019,Beauty,163.89,23.0,Male,East,False
2023-05-11,P1000,Clothing,1346.2,60.0,Other,West,False
2023-05-30,P1036,Electronics,411.44,42.0,Other,South,False
2023-11-05,P1008,Home,441.11,56.0,Male,East,False
2023-09-15,P1016,Electronics,267.46,66.0,Male,South,False
2023-12-10,P1008,Beauty,129.73,45.0,Female,West,True
2023-10-21,P1010,Clothing,65.34,50.0,Male,East,False
2023-07-11,P1014,Sports,52.72,54.0,Male,West,False
2023-10-04,P1023,Clothing,362.35,26.0,Other,West,True
2023-06-10,P1037,Beauty,215.86,35.0,Male,West,True
2023-11-10,P1034,Clothing,453.63,38.0,Other,East,False
2023-01-22,P1029,Clothing,372.44,19.0,Male,North,False
2023-09-10,P1030,Beauty,103.72,60.0,Female,East,True
2023-08-24,P1048,Clothing,310.75,55.0,Male,West,False
2023-12-11,P1004,Home,223.4,57.0,Male,East,False
2023-02-18,P1043,Home,292.85,53.0,Male,West,False
2023-02-28,P1049,Clothing,371.65,67.0,Other,North,False
2023-06-19,P1013,Sports,,60.0,Female,South,False
2023-07-07,P1010,Beauty,423.43,54.0,Male,North,False
2023-09-28,P1008,Home,134.45,32.0,Other,North,False
2023-07-09,P1033,Sports,25.25,,Female,South,False
2023-06-24,P1011,Clothing,372.25,35.0,Other,East,True
2023-02-20,P1034,Sports,62.11,51.0,Other,South,False
2023-12-30,P1034,Electronics,164.31,39.0,Female,East,True
2023-02-24,P1000,Home,11.87,28.0,Male,East,True
2023-09-01,P1039,Clothing,344.02,30.0,Other,West,True
2023-11-16,P1021,Beauty,91.89,21.0,Other,West,True
2023-05-11,P1028,Clothing,331.09,39.0,Male,South,False
2023-11-03,P1007,Beauty,495.95,24.0,Male,North,True
2023-05-15,P1010,Clothing,45.61,60.0,Female,South,False
2023-01-21,P1040,Sports,47.77,41.0,Female,East,False
2023-11-25,P1036,Sports,176.79,21.0,Female,West,False
2023-06-16,P1013,Sports,434.53,45.0,Male,South,True
2023-10-01,P1029,Electronics,115.61,32.0,Other,South,False
2023-03-30,P1034,Beauty,186.59,18.0,Other,West,False
2023-11-12,P1020,Sports,43.57,20.0,Female,West,False
2023-01-14,P1036,Electronics,,31.0,Male,West,False
2023-08-30,P1004,Beauty,210.07,55.0,Other,East,False
2023-09-22,P1018,Clothing,382.03,67.0,Female,West,False
2023-12-12,P1013,Electronics,452.77,18.0,Other,North,False
2023-02-22,P1025,Home,124.05,55.0,Other,South,False
2023-12-06,P1003,Electronics,405.62,55.0,Male,West,True
2023-04-02,P1024,Electronics,38.96,38.0,Male,West,False
2023-09-21,P1044,Beauty,450.44,65.0,Other,East,True
2023-02-04,P1041,Clothing,328.88,46.0,Female,East,False
2023-07-25,P1024,Home,438.37,22.0,Male,South,False
2023-03-22,P1017,Sports,10.09,66.0,Other,North,False
2023-02-19,P1039,Sports,92.85,27.0,Male,South,False
2023-12-26,P1007,Electronics,200.98,45.0,Male,West,False
2023-01-02,P1038,Beauty,195.96,38.0,Male,North,False
2023-02-23,P1039,Beauty,1211.0,67.0,Other,North,False
2023-04-16,P1013,Sports,196.99,24.0,Female,North,False
2023-09-17,P1031,Home,73.14,20.0,Female,North,True
2023-11-06,P1037,Clothing,212.25,62.0,Female,South,False
2023-07-10,P1032,Home,403.15,64.0,Male,East,False
2023-08-06,P1022,Clothing,244.74,37.0,Other,East,True
2023-02-13,P1014,Sports,18.82,36.0,Male,West,False
2023-06-11,P1032,Clothing,,52.0,Female,East,True
2023-07-21,P1024,Beauty,23.32,21.0,Female,East,False
2023-09-27,P1016,Electronics,483.46,22.0,Other,East,False
2023-12-17,P1032,Electronics,72.45,18.0,Male,East,False
2023-10-31,P1046,Sports,356.77,21.0,Female,West,True
2023-09-28,P1001,Beauty,486.66,29.0,Other,South,True
2023-08-03,P1013,Home,414.76,44.0,Male,North,True
2023-09-09,P1039,Beauty,352.66,59.0,Male,East,False
2023-07-09,P1039,Electronics,421.34,40.0,Female,South,False
2023-10-23,P1038,Electronics,491.08,42.0,Female,East,False
2023-08-01,P1005,Beauty,314.46,38.0,Male,East,False
2023-07-27,P1005,Beauty,284.0,69.0,Male,North,False
2023-08-25,P1002,Electronics,317.84,41.0,Female,North,False
2023-12-04,P1006,Home,271.01,42.0,Male,North,False
2023-02-22,P1007,Sports,321.19,62.0,Female,East,False
2023-10-07,P1041,Sports,230.42,63.0,Male,East,False
2023-08-05,P1014,Beauty,117.04,49.0,Female,East,True
2023-09-09,P1046,Sports,68.92,49.0,Other,North,True
2023-07-07,P1028,Electronics,43.49,22.0,Female,West,False
2023-02-10,P1032,Electronics,139.02,53.0,Female,South,True
2023-06-06,P1029,Beauty,32.6,63.0,Other,West,False
2023-01-15,P1038,Beauty,287.91,59.0,Male,East,False
2023-10-28,P1026,Beauty,149.08,66.0,Other,East,False
2023-03-06,P1035,Home,414.02,59.0,Female,West,False
2023-12-11,P1028,Sports,46.38,56.0,Male,East,True
2023-11-23,P1037,Beauty,120.91,33.0,Other,South,False
2023-01-09,P1032,Clothing,,50.0,Male,East,False
2023-12-10,P1036,Clothing,303.42,66.0,Male,South,False
2023-05-09,P1026,Electronics,41.6,38.0,Other,West,False
2023-05-16,P1032,Sports,439.85,26.0,Male,West,False
2023-03-04,P1003,Beauty,439.86,23.0,Other,East,False
2023-05-19,P1021,Clothing,171.9,68.0,Female,South,False
2023-03-22,P1001,Sports,176.8,62.0,Male,East,True
2023-06-12,P1009,Electronics,494.62,52.0,Female,North,False
2023-10-16,P1004,Home,316.83,56.0,Female,North,False
2023-09-18,P1009,Sports,270.35,39.0,Male,North,False
2023-08-19,P1032,Sports,420.69,58.0,Other,North,False
2023-02-10,P1037,Home,149.79,22.0,Male,East,False
2023-01-28,P1012,Sports,220.3,59.0,Female,North,False
2023-05-15,P1030,Electronics,,40.0,Female,South,False
2023-07-20,P1046,Electronics,396.69,34.0,Other,West,True
2023-11-24,P1035,Home,290.94,29.0,Male,West,False
2023-09-25,P1044,Beauty,332.82,40.0,Female,North,True
2023-02-02,P1023,Clothing,133.63,33.0,Female,North,True
2023-02-17,P1014,Beauty,117.91,20.0,Female,North,False
2023-03-03,P1028,Sports,249.3,,Other,East,False
2023-08-04,P1007,Clothing,371.41,39.0,Female,West,False
2023-10-20,P1004,Home,267.37,26.0,Female,North,True
2023-04-09,P1028,Home,,46.0,Male,South,False
2023-06-21,P1046,Clothing,435.59,,Male,North,False
2023-12-26,P1003,Electronics,41.7,54.0,Female,West,False
2023-08-02,P1011,Clothing,478.35,40.0,Female,North,False
2023-02-04,P1044,Sports,22.32,30.0,Male,West,False
2023-08-15,P1001,Electronics,350.28,49.0,Other,North,False
2023-04-11,P1026,Home,,63.0,Other,South,False
2023-05-11,P1030,Clothing,456.23,69.0,Other,North,True
2023-09-14,P1035,Beauty,237.57,64.0,Other,South,False
2023-01-05,P1035,Beauty,77.39,65.0,Other,South,False
2023-08-06,P1025,Sports,177.0,40.0,Other,North,False
2023-09-12,P1042,Beauty,90.76,62.0,Other,South,True
2023-12-25,P1026,Clothing,,34.0,Other,East,False
2023-10-10,P1004,Clothing,474.57,57.0,Male,North,False
2023-07-26,P1019,Beauty,228.17,38.0,Other,North,False
2023-01-15,P1010,Clothing,396.51,19.0,Other,South,True
2023-12-12,P1009,Sports,323.41,54.0,Other,South,False
2023-02-11,P1039,Electronics,341.45,23.0,Female,North,False
2023-06-28,P1037,Sports,74.53,61.0,Male,East,False
2023-03-04,P1005,Sports,124.75,35.0,Male,South,True
2023-12-18,P1007,Clothing,395.51,47.0,Male,South,False
2023-08-19,P1022,Electronics,485.68,39.0,Other,West,False
2023-08-29,P1046,Clothing,,50.0,Other,East,True
2023-02-21,P1025,Home,143.07,47.0,Female,East,True
2023-04-06,P1045,Clothing,241.72,34.0,Male,North,False
2023-08-10,P1042,Clothing,492.08,60.0,Other,East,True
2023-08-19,P1011,Clothing,141.79,49.0,Male,North,True
2023-08-25,P1025,Electronics,209.42,59.0,Female,West,False
2023-05-23,P1012,Clothing,446.83,68.0,Female,East,False
2023-06-20,P1039,Electronics,11.43,31.0,Female,South,True
2023-01-29,P1017,Beauty,29.49,27.0,Male,West,False
2023-02-05,P1024,Home,306.0,64.0,Other,North,True
2023-01-13,P1032,Electronics,454.62,68.0,Other,West,True
2023-06-09,P1046,Beauty,127.04,53.0,Female,North,True
2023-11-23,P1039,Electronics,240.12,51.0,Other,West,False
2023-07-06,P1042,Electronics,230.73,26.0,Female,North,True
2023-08-31,P1011,Home,2417.6,59.0,Male,East,True
2023-03-27,P1043,Sports,315.03,45.0,Female,South,False
2023-10-11,P1035,Sports,240.17,28.0,Male,North,False
2023-03-07,P1047,Electronics,229.26,31.0,Female,West,True
2023-06-19,P1003,Clothing,242.4,56.0,Other,North,False
2023-02-14,P1004,Beauty,299.53,64.0,Other,North,True
2023-03-03,P1036,Clothing,273.13,36.0,Female,North,False
2023-05-14,P1007,Clothing,428.53,32.0,Other,West,False
2023-10-11,P1041,Electronics,34.25,45.0,Other,South,False
2023-01-28,P1048,Electronics,418.33,41.0,Other,East,False
2023-04-18,P1027,Electronics,423.52,25.0,Male,South,False
2023-02-13,P1030,Electronics,149.6,60.0,Other,North,True
2023-12-06,P1008,Sports,236.8,26.0,Male,West,False
2023-10-13,P1028,Electronics,224.88,64.0,Female,South,True
2023-11-27,P1013,Sports,117.07,50.0,Other,North,False
2023-05-08,P1039,Sports,204.43,50.0,Other,East,False
2023-12-14,P1040,Electronics,31.75,36.0,Other,East,False
2023-08-19,P1021,Home,146.13,20.0,Female,East,False
2023-07-09,P1010,Beauty,410.17,27.0,Male,North,False
2023-08-13,P1022,Clothing,149.44,57.0,Male,West,False
2023-10-10,P1000,Sports,410.92,64.0,Other,South,True
2023-05-01,P1045,Beauty,270.48,59.0,Female,East,False
2023-04-26,P1036,Home,441.13,18.0,Female,North,False
2023-08-21,P1020,Clothing,291.64,46.0,Female,North,False
2023-09-16,P1025,Clothing,24.54,67.0,Female,South,False
2023-12-25,P1045,Sports,340.96,,Female,East,True
2023-07-17,P1035,Electronics,31.98,68.0,Male,North,False
2023-05-17,P1022,Home,230.79,30.0,Male,South,False
2023-11-14,P1000,Sports,465.42,18.0,Male,West,True
2023-06-14,P1039,Home,90.95,51.0,Other,West,False
2023-08-13,P1014,Electronics,201.04,46.0,Female,West,False
2023-11-03,P1020,Electronics,367.63,65.0,Other,East,False
2023-08-22,P1046,Sports,442.31,64.0,Female,South,False
2023-06-21,P1008,Electronics,338.76,30.0,Male,South,True
2023-06-01,P1008,Beauty,136.5,65.0,Other,North,False
2023-11-11,P1009,Clothing,340.56,66.0,Male,North,False
2023-06-09,P1025,Sports,155.4,46.0,Female,North,False
2023-04-06,P1040,Home,,56.0,Female,South,False
2023-08-21,P1034,Beauty,477.48,41.0,Female,North,True
2023-06-29,P1024,Sports,363.48,43.0,Male,South,True
2023-04-23,P1025,Electronics,432.81,34.0,Female,South,False
2023-11-14,P1010,Electronics,11.03,24.0,Male,West,False
2023-02-21,P1037,Electronics,361.61,30.0,Other,North,False
2023-09-25,P1001,Electronics,416.5,22.0,Female,West,True
2023-10-22,P1006,Home,29.87,43.0,Female,East,False
2023-04-23,P1017,Beauty,437.08,66.0,Female,East,False
2023-04-11,P1026,Clothing,135.78,20.0,Other,East,False
2023-04-23,P1033,Home,335.99,24.0,Female,South,True
2023-03-22,P1026,Home,402.17,66.0,Male,South,False
2023-07-06,P1016,Clothing,334.71,56.0,Male,South,False
2023-04-23,P1042,Clothing,55.22,18.0,Female,North,False
2023-01-02,P1043,Electronics,302.2,66.0,Female,West,False
2023-05-10,P1023,Home,279.3,34.0,Other,South,False
2023-08-08,P1024,Sports,451.16,60.0,Other,West,False
2023-02-23,P1006,Clothing,208.08,42.0,Other,West,False
2023-12-09,P1005,Clothing,167.33,20.0,Female,West,True
2023-08-12,P1023,Beauty,377.43,32.0,Other,North,False
2023-08-13,P1032,Sports,212.21,46.0,Other,North,True
2023-05-06,P1048,Sports,326.59,60.0,Male,East,False
2023-05-10,P1028,Clothing,326.76,49.0,Other,East,False
2023-02-22,P1042,Electronics,445.14,43.0,Male,West,False
2023-06-21,P1021,Beauty,303.36,33.0,Male,East,False
2023-08-06,P1025,Sports,256.06,42.0,Other,West,True
2023-06-09,P1027,Clothing,78.05,45.0,Male,North,False
2023-07-17,P1049,Sports,66.71,26.0,Female,North,False
2023-09-04,P1020,Beauty,85.62,18.0,Female,North,True
2023-11-20,P1048,Beauty,94.21,46.0,Other,South,False
2023-07-22,P1006,Home,322.56,39.0,Female,West,True
2023-07-03,P1016,Clothing,373.08,33.0,Male,North,False
2023-05-03,P1019,Beauty,269.7,58.0,Female,West,False
2023-09-12,P1040,Home,416.22,68.0,Other,East,True
2023-10-21,P1048,Home,495.72,61.0,Other,East,False
2023-10-07,P1019,Sports,411.81,68.0,Male,North,True
2023-11-21,P1021,Sports,350.49,58.0,Other,West,True
2023-04-08,P1027,Home,270.92,24.0,Female,North,True
2023-07-17,P1039,Sports,229.94,31.0,Other,East,False
2023-08-28,P1048,Beauty,51.35,46.0,Male,North,False
2023-05-24,P1006,Electronics,205.69,36.0,Other,West,False
2023-04-07,P1000,Beauty,455.97,36.0,Female,East,True
2023-07-20,P1031,Home,405.93,19.0,Male,South,True
2023-05-04,P1012,Home,115.87,58.0,Female,East,False
2023-07-06,P1029,Beauty,238.64,62.0,Male,South,False
2023-11-22,P1022,Sports,410.19,32.0,Other,North,False
2023-12-15,P1018,Sports,43.02,20.0,Male,North,True
2023-09-16,P1031,Home,199.82,28.0,Male,West,False
2023-05-28,P1029,Clothing,427.4,63.0,Other,South,False
2023-09-09,P1028,Sports,207.91,47.0,Female,North,False
2023-12-12,P1048,Beauty,48.03,57.0,Other,South,False
2023-05-27,P1044,Sports,275.84,35.0,Male,North,True
2023-05-28,P1028,Beauty,432.25,68.0,Other,East,False
2023-12-18,P1029,Home,299.24,65.0,Male,North,False
2023-07-18,P1015,Sports,120.88,19.0,Other,West,False
2023-11-04,P1039,Beauty,198.28,49.0,Other,East,False
2023-05-08,P1018,Home,230.56,25.0,Female,West,False
2023-02-08,P1017,Clothing,293.84,39.0,Male,East,False
2023-12-04,P1000,Beauty,382.08,23.0,Female,South,True
2023-12-26,P1013,Clothing,58.45,29.0,Male,West,False
2023-05-09,P1046,Clothing,445.93,64.0,Other,North,False
2023-09-24,P1049,Electronics,16.03,57.0,Male,South,False
2023-05-31,P1001,Sports,191.33,53.0,Female,North,False
2023-10-25,P1027,Beauty,23.44,32.0,Female,East,True
2023-04-09,P1048,Clothing,202.56,45.0,Female,East,False
2023-09-20,P1049,Electronics,267.65,69.0,Male,North,False
2023-09-09,P1029,Home,260.72,66.0,Female,North,True
2023-05-24,P1037,Beauty,91.16,,Female,South,False
2023-12-12,P1003,Clothing,326.41,35.0,Female,North,True
2023-04-22,P1000,Sports,31.94,19.0,Other,West,False
2023-03-01,P1007,Electronics,,30.0,Other,West,False
2023-01-02,P1028,Clothing,473.86,62.0,Male,North,False
2023-10-31,P1038,Sports,176.49,32.0,Male,West,False
2023-09-11,P1002,Clothing,263.45,37.0,Female,North,False
2023-05-20,P1031,Beauty,195.67,46.0,Other,South,False
2023-02-06,P1009,Beauty,13.29,59.0,Female,West,False
2023-06-09,P1009,Beauty,199.08,46.0,Female,West,False
2023-01-09,P1018,Electronics,397.94,20.0,Other,North,False
2023-08-21,P1045,Beauty,302.03,36.0,Other,West,True
2023-04-09,P1033,Sports,59.62,20.0,Other,East,False
2023-05-27,P1032,Clothing,425.1,31.0,Male,South,True
2023-10-31,P1022,Home,270.23,57.0,Male,South,False
2023-07-27,P1027,Sports,422.44,21.0,Female,West,False
2023-05-11,P1031,Sports,294.31,69.0,Male,West,False
2023-06-01,P1049,Beauty,284.25,28.0,Other,East,False
2023-02-23,P1006,Electronics,61.58,48.0,Other,East,False
2023-04-30,P1028,Clothing,92.01,60.0,Male,West,False
2023-06-10,P1007,Electronics,486.29,49.0,Female,West,True
2023-04-26,P1000,Clothing,121.96,44.0,Female,East,True
2023-03-16,P1002,Clothing,488.95,47.0,Male,North,True
2023-04-23,P1023,Electronics,270.64,60.0,Female,East,False
2023-04-14,P1022,Sports,76.54,,Female,North,True
2023-12-06,P1007,Clothing,58.66,66.0,Female,South,False
2023-09-11,P1046,Electronics,112.34,26.0,Other,South,False
2023-08-15,P1036,Clothing,463.56,45.0,Other,East,True
2023-04-22,P1002,Home,212.93,48.0,Male,North,False
2023-04-09,P1032,Sports,203.76,51.0,Other,East,False
2023-06-02,P1027,Beauty,163.47,32.0,Female,East,True
2023-12-15,P1046,Clothing,82.06,65.0,Other,North,False
2023-12-04,P1007,Home,249.05,42.0,Male,East,False
2023-07-13,P1033,Beauty,73.72,53.0,Other,South,False
2023-11-06,P1034,Beauty,419.39,25.0,Female,West,False
2023-06-12,P1031,Clothing,191.49,26.0,Female,West,False
2023-07-27,P1023,Electronics,193.65,54.0,Male,East,False
2023-06-18,P1013,Clothing,242.26,65.0,Other,North,True
2023-06-10,P1031,Home,227.62,62.0,Other,North,False
2023-03-09,P1045,Beauty,497.48,56.0,Other,South,False
2023-10-16,P1042,Clothing,277.24,49.0,Female,North,True
2023-10-04,P1015,Electronics,53.22,69.0,Male,North,False
2023-10-31,P1003,Clothing,307.37,34.0,Other,South,False
2023-05-15,P1036,Sports,,52.0,Female,East,False
2023-07-14,P1020,Electronics,25.16,54.0,Female,West,False
2023-05-08,P1013,Home,485.66,36.0,Female,South,False
2023-02-02,P1030,Beauty,389.03,61.0,Other,East,False
2023-06-25,P1047,Clothing,490.25,46.0,Other,South,False
2023-01-22,P1017,Electronics,244.16,24.0,Other,East,False
2023-08-26,P1006,Sports,270.81,45.0,Other,South,False
2023-06-07,P1009,Electronics,92.49,26.0,Other,East,False
2023-02-07,P1006,Sports,130.98,45.0,Other,South,False
2023-08-18,P1032,Home,420.89,23.0,Other,East,False
2023-12-31,P1022,Beauty,184.53,46.0,Other,South,False
2023-02-20,P1020,Home,415.14,34.0,Other,West,False
2023-09-21,P1018,Clothing,357.42,33.0,Female,West,True
2023-10-10,P1047,Electronics,96.81,40.0,Other,North,False
2023-01-27,P1018,Sports,258.65,48.0,Male,East,False
2023-08-14,P1035,Sports,341.92,20.0,Female,South,True
2023-10-04,P1028,Electronics,125.17,38.0,Other,East,False
2023-10-13,P1017,Electronics,417.04,43.0,Male,West,False
2023-04-07,P1001,Clothing,276.97,53.0,Other,East,False
2023-10-11,P1000,Home,,59.0,Male,South,True
2023-11-13,P1046,Sports,295.66,54.0,Male,East,False
2023-10-31,P1004,Clothing,499.86,39.0,Male,South,False
2023-05-27,P1019,Home,83.76,59.0,Male,West,True
2023-01-04,P1010,Clothing,410.21,29.0,Female,West,False
2023-02-04,P1041,Sports,111.58,59.0,Female,West,False
2023-07-11,P1001,Electronics,393.37,30.0,Male,North,True
2023-02-18,P1002,Electronics,369.94,28.0,Other,West,False
2023-01-17,P1022,Home,157.24,33.0,Male,East,False
2023-06-21,P1011,Beauty,169.65,25.0,Female,North,False
2023-08-08,P1019,Home,398.34,57.0,Other,West,True
2023-06-07,P1004,Beauty,236.11,57.0,Female,East,True
2023-02-15,P1036,Clothing,368.1,62.0,Female,East,True
2023-01-06,P1037,Clothing,825.1,19.0,Other,East,False
2023-04-09,P1029,Sports,427.75,47.0,Male,South,False
2023-08-21,P1008,Beauty,358.33,47.0,Male,North,True
2023-02-06,P1033,Sports,454.4,29.0,Male,East,True
2023-10-07,P1043,Electronics,74.86,27.0,Male,South,False
2023-12-15,P1034,Beauty,300.58,61.0,Other,West,False
2023-10-29,P1021,Home,303.57,28.0,Other,East,False
2023-06-30,P1043,Electronics,183.2,32.0,Other,South,False
2023-04-05,P1023,Electronics,234.65,33.0,Female,East,False
2023-04-09,P1016,Home,28.61,34.0,Other,North,True
2023-07-07,P1009,Electronics,375.47,43.0,Male,North,False
2023-04-26,P1029,Beauty,279.17,19.0,Female,West,False
2023-07-10,P1045,Sports,38.29,67.0,Male,East,False
2023-09-10,P1022,Electronics,343.57,29.0,Male,South,False
2023-06-10,P1031,Beauty,238.72,68.0,Other,West,True
2023-09-13,P1016,Clothing,26.89,43.0,Other,East,True
2023-11-19,P1049,Beauty,485.11,40.0,Male,West,False
2023-05-08,P1016,Sports,475.06,35.0,Male,South,True
2023-01-18,P1013,Beauty,261.32,,Female,West,True
2023-10-08,P1008,Home,55.9,66.0,Other,West,True
2023-08-11,P1039,Sports,379.76,55.0,Female,West,True
2023-02-23,P1001,Clothing,251.05,64.0,Female,East,False
2023-02-27,P1044,Home,158.2,20.0,Female,South,True
2023-11-19,P1024,Beauty,250.79,55.0,Male,North,False
2023-12-26,P1038,Sports,266.0,20.0,Female,East,False
2023-06-23,P1008,Clothing,285.73,47.0,Female,North,False
2023-10-07,P1021,Home,226.2,18.0,Male,North,True
2023-04-24,P1042,Clothing,306.82,47.0,Other,East,False
2023-10-15,P1045,Beauty,460.18,62.0,Other,East,True
2023-12-08,P1003,Clothing,187.51,49.0,Female,South,False
2023-05-31,P1025,Electronics,365.6,45.0,Male,South,False
2023-05-07,P1028,Home,448.28,38.0,Other,West,False
2023-06-04,P1044,Clothing,233.43,63.0,Female,North,False
2023-09-30,P1033,Beauty,227.29,30.0,Female,South,False
2023-04-14,P1022,Beauty,305.04,44.0,Male,West,False
2023-10-26,P1036,Clothing,299.79,53.0,Female,South,False
2023-09-03,P1010,Beauty,405.23,24.0,Other,East,False
2023-06-25,P1005,Sports,243.48,39.0,Male,South,False
2023-02-08,P1017,Sports,498.1,27.0,Other,North,False
2023-06-19,P1020,Sports,39.14,56.0,Other,South,False
2023-09-04,P1041,Electronics,11.55,32.0,Other,North,False
2023-01-26,P1035,Clothing,323.7,32.0,Female,East,False
2023-12-21,P1040,Electronics,156.23,21.0,Female,North,False
2023-11-02,P1037,Beauty,127.79,49.0,Other,South,True
2023-01-13,P1033,Electronics,162.83,40.0,Other,West,False
2023-11-12,P1016,Beauty,135.46,23.0,Male,East,True
2023-11-09,P1036,Beauty,25.09,41.0,Male,South,False
2023-02-05,P1024,Home,,37.0,Female,East,True
2023-06-22,P1037,Sports,118.17,54.0,Female,East,True
2023-01-20,P1011,Beauty,369.67,37.0,Male,South,False
2023-11-17,P1022,Home,383.67,29.0,Other,South,False
2023-09-21,P1041,Sports,465.34,50.0,Female,West,True
2023-05-22,P1021,Beauty,24.97,45.0,Other,East,False
2023-05-23,P1020,Beauty,437.3,,Male,East,True
2023-04-02,P1026,Electronics,268.34,18.0,Female,South,True
2023-12-20,P1030,Electronics,319.95,54.0,Female,North,False
2023-11-18,P1005,Sports,325.79,39.0,Male,South,False
2023-10-15,P1026,Beauty,411.7,23.0,Female,East,True
2023-08-03,P1039,Clothing,173.37,38.0,Male,South,False
2023-12-08,P1033,Electronics,369.2,49.0,Female,West,True
2023-02-20,P1011,Sports,269.0,52.0,Male,North,False
2023-06-02,P1044,Beauty,398.76,32.0,Female,South,False
2023-07-05,P1006,Beauty,495.37,22.0,Other,West,False
2023-03-04,P1009,Clothing,108.32,63.0,Other,East,False
2023-07-09,P1044,Sports,497.38,67.0,Other,South,False
2023-05-05,P1016,Beauty,54.01,65.0,Female,East,False
2023-05-30,P1025,Electronics,11.14,23.0,Female,West,True
2023-11-10,P1020,Clothing,31.64,42.0,Other,East,False
2023-02-27,P1027,Sports,177.47,63.0,Other,West,False
2023-12-08,P1045,Clothing,320.12,57.0,Male,West,True
2023-11-01,P1001,Electronics,43.82,46.0,Male,West,True
2023-06-29,P1042,Sports,12.78,24.0,Male,South,False
2023-06-19,P1000,Clothing,469.17,57.0,Other,East,False
2023-11-22,P1035,Home,412.74,30.0,Other,East,True
2023-09-28,P1025,Electronics,406.5,55.0,Other,North,True
2023-02-23,P1028,Electronics,443.37,35.0,Male,North,False
2023-04-11,P1020,Electronics,353.02,19.0,Female,North,False
2023-09-21,P1010,Home,61.16,25.0,Other,North,False
2023-02-22,P1039,Home,205.56,28.0,Female,East,False
2023-03-01,P1010,Beauty,364.34,50.0,Female,West,True
2023-04-18,P1035,Clothing,147.36,55.0,Female,West,False
2023-01-05,P1048,Beauty,346.83,65.0,Male,South,False
2023-04-13,P1038,Clothing,22.0,44.0,Female,West,False
2023-07-15,P1039,Home,,37.0,Other,East,True
2023-09-19,P1034,Home,279.07,29.0,Male,East,False
2023-12-31,P1033,Beauty,319.72,60.0,Other,East,False
2023-12-16,P1046,Sports,292.75,48.0,Other,South,False
2023-02-16,P1023,Beauty,351.9,44.0,Male,North,False
2023-12-21,P1021,Clothing,12.98,49.0,Other,West,True
2023-11-07,P1004,Beauty,59.46,27.0,Other,East,False
2023-11-04,P1032,Electronics,,20.0,Male,East,False
2023-05-24,P1035,Clothing,344.06,62.0,Other,North,False
2023-09-26,P1046,Clothing,65.34,44.0,Female,East,False
2023-05-04,P1019,Sports,422.62,52.0,Other,West,False
2023-04-16,P1018,Home,128.69,48.0,Female,South,False
2023-06-07,P1034,Clothing,244.35,,Other,East,False
2023-05-27,P1042,Home,81.15,33.0,Male,West,True
2023-05-25,P1016,Beauty,357.95,30.0,Male,East,False
2023-04-30,P1044,Electronics,336.76,66.0,Other,North,False
2023-11-15,P1042,Sports,113.45,52.0,Male,East,False
2023-10-02,P1033,Home,433.07,69.0,Other,East,False
2023-04-02,P1008,Clothing,206.64,28.0,Male,South,False
2023-02-27,P1025,Home,153.33,38.0,Female,North,False
2023-12-12,P1001,Clothing,84.64,68.0,Other,North,False
2023-08-17,P1008,Home,140.42,28.0,Female,South,False
2023-04-27,P1008,Clothing,20.79,47.0,Female,East,False
2023-11-14,P1039,Beauty,295.8,65.0,Other,West,True
2023-10-06,P1016,Clothing,422.69,52.0,Female,North,True
2023-05-07,P1000,Clothing,279.0,39.0,Other,North,False
2023-05-09,P1024,Electronics,117.44,55.0,Female,East,True
2023-02-27,P1042,Clothing,26.5,48.0,Other,East,True
2023-05-02,P1039,Electronics,115.17,31.0,Other,North,False
2023-01-01,P1041,Sports,213.9,41.0,Male,East,False
2023-08-27,P1024,Electronics,382.21,67.0,Other,West,False
2023-10-17,P1038,Beauty,102.04,66.0,Other,North,False
2023-04-06,P1034,Electronics,362.7,49.0,Female,West,False
2023-05-06,P1002,Sports,434.8,53.0,Other,West,False
2023-04-28,P1049,Beauty,232.43,49.0,Male,East,True
2023-02-17,P1036,Home,412.5,32.0,Female,West,False
2023-03-30,P1043,Home,281.78,60.0,Female,East,False
2023-08-25,P1043,Electronics,322.17,52.0,Male,South,False
2023-09-29,P1029,Electronics,267.88,20.0,Female,East,False
2023-07-08,P1037,Sports,236.95,33.0,Female,West,False
2023-07-11,P1033,Sports,124.98,22.0,Female,South,True
2023-03-10,P1011,Clothing,158.57,38.0,Female,East,False
2023-10-05,P1018,Sports,152.09,27.0,Male,West,False
2023-12-15,P1036,Clothing,286.01,36.0,Male,North,False
2023-09-04,P1043,Beauty,68.78,42.0,Female,North,True
2023-03-17,P1048,Electronics,459.23,21.0,Female,East,False
2023-06-03,P1016,Beauty,363.12,46.0,Male,East,False
2023-05-24,P1009,Sports,206.71,36.0,Male,North,True
2023-03-27,P1048,Beauty,87.73,60.0,Male,West,False
2023-07-04,P1046,Beauty,442.18,19.0,Female,West,False
2023-10-12,P1011,Beauty,413.65,27.0,Female,West,False
2023-08-08,P1015,Sports,,60.0,Other,East,False
2023-03-10,P1023,Beauty,143.06,42.0,Male,South,False
2023-02-16,P1018,Clothing,207.2,37.0,Female,South,False
2023-04-04,P1007,Sports,60.35,65.0,Male,South,False
2023-08-26,P1030,Beauty,102.63,36.0,Female,South,True
2023-07-23,P1020,Sports,393.68,40.0,Male,South,False
2023-08-06,P1016,Home,360.37,41.0,Female,East,True
2023-12-07,P1022,Clothing,300.81,28.0,Other,East,True
2023-02-08,P1036,Beauty,448.91,63.0,Other,South,False
2023-04-10,P1015,Home,295.8,51.0,Male,East,False
2023-10-16,P1005,Home,238.81,45.0,Female,East,False
2023-09-11,P1007,Sports,176.78,22.0,Female,South,False
2023-08-10,P1024,Home,470.82,22.0,Male,West,False
2023-12-23,P1017,Clothing,50.53,68.0,Female,East,True
2023-01-23,P1024,Clothing,466.13,38.0,Male,West,False
2023-09-07,P1011,Electronics,415.09,29.0,Female,East,False
2023-01-10,P1014,Clothing,73.67,67.0,Male,East,False
2023-09-03,P1025,Home,286.84,21.0,Female,South,False
2023-11-21,P1040,Clothing,434.61,66.0,Male,East,False
2023-04-10,P1044,Sports,290.19,59.0,Female,North,False
2023-10-17,P1025,Electronics,454.53,37.0,Other,North,True
2023-06-29,P1046,Home,472.06,55.0,Female,South,False
2023-08-11,P1031,Electronics,216.97,42.0,Male,West,False
2023-09-07,P1009,Home,194.88,31.0,Other,West,False
2023-05-27,P1015,Sports,468.8,28.0,Female,West,True
2023-04-06,P1006,Electronics,340.82,49.0,Other,North,False
2023-09-14,P1016,Beauty,66.85,28.0,Female,West,True
2023-11-21,P1022,Home,30.72,35.0,Other,West,False
2023-01-04,P1025,Beauty,286.67,44.0,Male,South,False
2023-01-16,P1020,Electronics,465.78,35.0,Female,West,True
2023-10-07,P1021,Beauty,423.68,40.0,Female,North,False
2023-12-02,P1006,Beauty,341.17,28.0,Male,North,True
2023-09-04,P1013,Electronics,78.17,38.0,Other,North,False
2023-09-15,P1014,Sports,134.57,61.0,Male,South,False
2023-06-09,P1006,Beauty,439.0,22.0,Male,South,True
2023-12-06,P1008,Beauty,99.58,40.0,Other,East,True
2023-06-01,P1047,Sports,146.44,58.0,Male,West,False
2023-06-27,P1007,Beauty,73.5,42.0,Female,South,True
2023-06-12,P1049,Beauty,341.29,58.0,Female,North,True
2023-02-02,P1022,Beauty,472.55,27.0,Female,North,False
2023-06-28,P1028,Clothing,,39.0,Male,South,False
2023-04-11,P1017,Sports,242.95,36.0,Female,South,False
2023-09-25,P1030,Beauty,320.83,18.0,Female,South,True
2023-11-19,P1029,Sports,499.74,24.0,Female,East,True
2023-03-06,P1038,Home,61.36,21.0,Female,North,True
2023-06-17,P1034,Home,254.3,18.0,Female,East,True
2023-11-26,P1017,Beauty,198.71,32.0,Female,East,False
2023-02-12,P1041,Sports,434.25,57.0,Male,West,False
2023-02-13,P1038,Sports,,29.0,Female,North,True
2023-10-12,P1016,Sports,64.38,39.0,Female,North,False
2023-01-12,P1013,Clothing,320.87,39.0,Other,South,False
2023-04-05,P1030,Home,387.68,67.0,Male,South,False
2023-10-29,P1023,Sports,11.41,64.0,Male,West,False
2023-09-10,P1034,Sports,430.89,34.0,Male,East,False
2023-08-30,P1043,Clothing,101.15,46.0,Male,South,True
2023-02-04,P1044,Clothing,280.51,,Female,South,True
2023-08-03,P1033,Sports,213.74,31.0,Female,North,False
2023-12-03,P1002,Electronics,362.63,67.0,Other,North,True
2023-03-31,P1036,Sports,191.87,37.0,Other,South,False
2023-09-21,P1042,Sports,436.18,67.0,Male,North,False
2023-04-03,P1039,Clothing,367.94,65.0,Other,West,False
2023-03-31,P1025,Clothing,327.38,50.0,Other,South,False
2023-04-25,P1022,Sports,400.16,60.0,Male,North,False
2023-04-15,P1043,Sports,379.47,32.0,Male,West,False
2023-07-15,P1038,Sports,27.61,29.0,Other,North,False
2023-11-10,P1014,Clothing,203.42,57.0,Female,North,True
2023-04-24,P1048,Sports,466.1,37.0,Other,North,False
2023-03-16,P1003,Sports,71.6,47.0,Other,South,True
2023-08-05,P1028,Beauty,371.18,55.0,Female,East,False
2023-10-04,P1021,Electronics,487.55,20.0,Female,North,False
2023-09-06,P1024,Home,355.79999999999995,45.0,Male,West,False
2023-06-13,P1012,Electronics,344.28,43.0,Male,South,False
2023-12-23,P1017,Beauty,239.4,47.0,Other,South,False
2023-07-11,P1032,Home,293.8,30.0,Female,West,False
2023-08-15,P1015,Sports,51.82,30.0,Male,North,True
2023-06-26,P1044,Beauty,31.07,19.0,Other,East,False
2023-04-09,P1041,Sports,336.76,54.0,Female,North,False
2023-02-05,P1043,Clothing,413.42,66.0,Other,West,False
2023-04-06,P1001,Beauty,,55.0,Male,South,False
2023-06-01,P1034,Clothing,276.46,19.0,Male,East,True
2023-05-31,P1041,Beauty,58.93,53.0,Female,South,False
2023-07-09,P1033,Beauty,347.14,43.0,Other,West,False
2023-08-12,P1029,Clothing,128.53,28.0,Female,North,False
2023-02-06,P1012,Home,,25.0,Male,East,True
2023-09-25,P1012,Electronics,420.75,61.0,Male,South,False
2023-07-02,P1017,Sports,357.6,57.0,Other,South,False
2023-01-13,P1031,Beauty,474.93,60.0,Other,South,True
2023-10-06,P1031,Sports,25.4,39.0,Other,North,False
2023-08-05,P1034,Clothing,370.74,37.0,Female,East,False
2023-12-21,P1038,Sports,171.82,25.0,Other,North,False
2023-12-27,P1045,Clothing,453.97,46.0,Other,North,False
2023-10-13,P1028,Sports,140.67,57.0,Male,North,False
2023-09-30,P1048,Electronics,365.18,43.0,Male,West,False
2023-03-03,P1028,Electronics,440.05,47.0,Other,West,False
2023-03-25,P1043,Electronics,30.41,34.0,Other,West,True
2023-08-05,P1015,Electronics,204.85,37.0,Male,East,True
2023-12-08,P1043,Electronics,383.53,69.0,Other,North,False
2023-07-06,P1046,Electronics,232.91,33.0,Female,North,False
2023-01-19,P1009,Clothing,140.95,63.0,Female,West,True
2023-06-26,P1029,Beauty,117.7,60.0,Female,North,False
2023-04-10,P1024,Sports,74.44,24.0,Other,North,False
2023-08-21,P1038,Electronics,429.99,33.0,Male,South,True
2023-03-17,P1019,Clothing,291.92,62.0,Other,North,False
2023-09-22,P1004,Clothing,47.43,64.0,Other,South,True
2023-10-11,P1000,Clothing,,65.0,Male,North,False
2023-07-25,P1029,Beauty,190.19,44.0,Male,East,False
2023-08-11,P1048,Sports,99.05,40.0,Male,West,False
2023-02-21,P1002,Beauty,223.4,41.0,Female,South,True
2023-12-05,P1044,Home,172.73,26.0,Other,West,False
2023-05-24,P1013,Clothing,177.48,52.0,Male,South,False
2023-03-10,P1029,Home,372.12,68.0,Other,South,False
2023-04-09,P1049,Electronics,119.4,37.0,Female,South,True
2023-01-25,P1003,Electronics,,54.0,Female,East,False
2023-02-22,P1017,Beauty,289.62,59.0,Male,North,False
2023-05-31,P1036,Sports,288.37,34.0,Male,South,False
2023-05-24,P1024,Home,334.87,64.0,Other,East,False
2023-02-26,P1047,Sports,278.71,48.0,Male,South,False
2023-02-08,P1000,Beauty,440.84,25.0,Other,North,False
2023-04-19,P1045,Electronics,341.03,32.0,Male,South,True
2023-06-30,P1014,Sports,278.01,,Other,East,False
2023-02-11,P1008,Sports,416.58,47.0,Other,North,True
2023-07-05,P1014,Electronics,307.01,63.0,Other,East,False
2023-08-11,P1048,Home,152.66,37.0,Other,North,True
2023-05-02,P1023,Electronics,111.48,56.0,Female,North,False
2023-05-13,P1003,Sports,84.64,29.0,Other,West,True
2023-06-12,P1011,Home,450.73,66.0,Male,West,False
2023-08-03,P1036,Home,357.97,34.0,Female,West,False
2023-08-09,P1036,Electronics,469.32,59.0,Female,North,True
2023-08-23,P1042,Sports,305.61,47.0,Other,South,True
2023-11-27,P1005,Beauty,241.97,46.0,Female,East,True
2023-05-26,P1038,Sports,39.26,36.0,Other,East,False
2023-08-27,P1045,Clothing,,63.0,Male,East,False
2023-03-17,P1023,Beauty,295.28,28.0,Other,West,False
2023-01-09,P1010,Home,495.2,51.0,Female,North,True
2023-03-15,P1012,Beauty,127.19,67.0,Male,West,False
2023-09-10,P1033,Home,270.06,24.0,Other,South,False
2023-08-18,P1024,Home,328.97,61.0,Male,North,False
2023-01-07,P1006,Beauty,325.85,51.0,Male,East,False
2023-06-23,P1003,Home,285.03,37.0,Female,West,True
2023-05-21,P1007,Home,390.69,67.0,Male,West,True
2023-06-17,P1019,Clothing,110.44,55.0,Female,South,True
2023-06-19,P1028,Sports,365.56,41.0,Male,South,True
2023-10-10,P1044,Sports,313.67,27.0,Other,West,True
2023-05-02,P1045,Clothing,449.08,49.0,Male,South,True
2023-07-13,P1009,Beauty,425.13,69.0,Other,East,False
2023-01-05,P1042,Electronics,164.42,32.0,Other,South,False
2023-01-29,P1033,Electronics,145.36,54.0,Male,South,False
2023-06-14,P1025,Electronics,491.01,37.0,Other,West,False
2023-12-05,P1040,Clothing,268.36,20.0,Male,West,False
2023-05-16,P1048,Clothing,454.15,54.0,Male,North,True
2023-12-31,P1002,Home,90.3,57.0,Other,North,False
2023-11-17,P1005,Electronics,324.98,25.0,Other,West,True
2023-12-08,P1004,Beauty,,57.0,Female,South,False
2023-05-25,P1004,Beauty,474.22,61.0,Other,South,False
2023-11-23,P1046,Electronics,,40.0,Female,North,False
2023-08-05,P1022,Electronics,365.24,57.0,Other,North,True
2023-10-28,P1048,Electronics,274.02,28.0,Male,North,True
2023-05-12,P1008,Clothing,39.71,63.0,Other,East,False
2023-10-19,P1034,Clothing,348.1,25.0,Male,East,True
2023-03-11,P1019,Clothing,348.15,46.0,Male,North,False
2023-09-09,P1048,Sports,466.0,47.0,Male,South,False
2023-10-02,P1041,Beauty,,27.0,Female,North,False
2023-12-30,P1034,Beauty,122.82,56.0,Other,East,False
2023-07-01,P1049,Home,31.84,45.0,Male,South,False
2023-06-16,P1017,Clothing,213.66,66.0,Male,East,True
2023-04-01,P1016,Sports,157.94,53.0,Female,South,False
2023-07-21,P1023,Sports,382.93,30.0,Other,East,False
2023-12-12,P1002,Beauty,183.59,49.0,Other,South,False
2023-01-19,P1031,Clothing,475.04,53.0,Female,South,True
2023-02-08,P1034,Home,481.53,54.0,Female,South,False
2023-05-06,P1037,Clothing,314.25,43.0,Other,South,False
2023-06-22,P1012,Electronics,465.04,39.0,Female,West,False
2023-05-21,P1046,Clothing,382.82,21.0,Other,East,False
2023-08-30,P1024,Electronics,277.96,48.0,Other,East,True
2023-08-08,P1008,Electronics,,35.0,Male,West,False
2023-05-06,P1003,Home,234.71,55.0,Male,South,False
2023-02-27,P1013,Beauty,284.83,41.0,Other,South,False
2023-05-28,P1036,Clothing,433.34,40.0,Other,East,False
2023-11-13,P1033,Electronics,245.85,39.0,Other,West,True
2023-12-27,P1010,Clothing,449.86,,Other,South,False
2023-01-01,P1040,Beauty,340.43,48.0,Other,South,False
2023-12-14,P1002,Beauty,77.13,28.0,Other,South,False
2023-07-09,P1027,Sports,497.54,45.0,Female,North,False
2023-07-10,P1028,Beauty,268.34,63.0,Other,West,False
2023-11-08,P1008,Home,202.01,49.0,Female,South,False
2023-04-27,P1002,Electronics,332.97,22.0,Female,North,True
2023-05-14,P1024,Sports,63.36,55.0,Other,West,False
2023-02-27,P1033,Home,321.9,27.0,Other,South,False
2023-02-13,P1011,Clothing,254.14,57.0,Female,East,False
2023-06-22,P1041,Electronics,209.27,63.0,Female,North,False
2023-06-09,P1008,Beauty,,41.0,Other,North,False
2023-06-22,P1014,Electronics,266.04,52.0,Other,South,False
2023-11-13,P1039,Clothing,117.37,61.0,Female,South,False
2023-10-30,P1024,Sports,234.89,65.0,Female,North,True
2023-05-29,P1004,Sports,460.5,40.0,Female,East,False
2023-03-21,P1010,Sports,96.29,34.0,Male,East,True
2023-08-01,P1033,Beauty,114.84,18.0,Female,West,False
2023-07-22,P1023,Home,16.38,48.0,Male,South,True
2023-09-09,P1014,Home,16.95,48.0,Other,East,False
2023-08-17,P1037,Electronics,416.4,59.0,Other,West,False
2023-06-13,P1007,Beauty,368.74,59.0,Female,East,False
2023-08-15,P1004,Sports,183.97,51.0,Other,South,False
2023-05-27,P1047,Sports,352.17,26.0,Other,West,False
2023-01-20,P1025,Clothing,203.65,39.0,Other,West,True
2023-02-16,P1017,Clothing,476.92,30.0,Other,West,False
2023-08-21,P1005,Sports,4838.6,42.0,Male,East,False
2023-11-01,P1036,Sports,,65.0,Male,South,True
2023-01-14,P1047,Beauty,428.57,35.0,Female,West,False
2023-05-23,P1012,Home,388.81,68.0,Female,North,False
2023-01-01,P1027,Clothing,161.9,29.0,Female,South,False
2023-02-23,P1004,Home,123.7,57.0,Other,North,True
2023-09-16,P1012,Beauty,234.53,34.0,Other,North,False
2023-05-24,P1016,Sports,392.86,32.0,Male,West,True
2023-01-12,P1049,Home,480.48,59.0,Male,West,True
2023-11-26,P1039,Sports,384.15,32.0,Female,East,False
2023-08-12,P1044,Sports,429.05,32.0,Male,East,False
2023-09-29,P1031,Electronics,305.5,56.0,Male,East,False
2023-12-24,P1028,Home,419.35,30.0,Male,South,True
2023-06-05,P1002,Home,394.37,34.0,Male,East,False
2023-01-08,P1039,Sports,194.72,49.0,Male,North,False
2023-05-02,P1033,Beauty,,26.0,Female,East,False
2023-12-14,P1039,Electronics,404.33,57.0,Female,West,False
2023-06-13,P1026,Sports,32.57,37.0,Male,East,True
2023-03-31,P1012,Clothing,405.96,43.0,Female,South,False
2023-05-16,P1044,Clothing,97.17,44.0,Other,South,False
2023-07-05,P1032,Electronics,262.19,38.0,Male,North,True
2023-11-12,P1005,Beauty,406.05,35.0,Other,South,True
2023-06-27,P1023,Sports,134.37,30.0,Female,East,True
2023-01-28,P1018,Home,130.45,33.0,Female,West,True
2023-08-08,P1015,Electronics,207.35,26.0,Other,South,False
2023-12-23,P1039,Beauty,448.37,29.0,Female,North,False
2023-02-10,P1027,Home,10.22,61.0,Male,East,True
2023-08-16,P1032,Clothing,451.68,55.0,Other,North,True
2023-07-11,P1047,Clothing,,36.0,Male,South,False
2023-05-25,P1040,Home,495.14,24.0,Other,South,False
2023-07-20,P1012,Electronics,477.88,52.0,Female,North,False
2023-07-31,P1042,Clothing,252.39,65.0,Other,East,False
2023-08-08,P1044,Sports,261.23,35.0,Other,South,False
2023-08-28,P1024,Home,245.96,33.0,Male,West,True
2023-02-15,P1041,Home,321.37,56.0,Female,South,True
2023-02-04,P1035,Clothing,54.45,21.0,Male,East,False
2023-09-10,P1026,Electronics,,42.0,Female,South,False
2023-03-23,P1037,Sports,38.27,49.0,Male,North,False
2023-09-13,P1006,Electronics,227.74,57.0,Other,South,False
2023-07-16,P1004,Beauty,145.02,30.0,Male,South,False
2023-10-30,P1042,Beauty,,62.0,Female,East,True
2023-01-10,P1044,Clothing,496.3,34.0,Female,North,False
2023-11-08,P1030,Clothing,199.3,66.0,Other,East,True
2023-10-13,P1022,Clothing,291.18,54.0,Female,South,True
2023-08-30,P1041,Beauty,213.65,23.0,Male,West,False
2023-09-08,P1009,Electronics,425.16,36.0,Other,South,False
2023-12-31,P1031,Electronics,452.1,30.0,Female,East,False
2023-01-05,P1042,Clothing,439.9,43.0,Female,West,False
2023-04-29,P1029,Sports,487.44,31.0,Male,East,True
2023-10-16,P1038,Electronics,234.8,48.0,Male,East,True
2023-03-06,P1030,Beauty,421.51,21.0,Other,North,False
2023-05-26,P1017,Home,378.37,56.0,Female,West,False
2023-08-12,P1035,Home,122.06,25.0,Male,South,False
2023-08-27,P1001,Home,478.6,42.0,Other,East,False
2023-06-26,P1013,Sports,82.61,30.0,Female,South,False
2023-09-24,P1012,Clothing,342.98,49.0,Female,North,False
2023-12-07,P1028,Beauty,120.2,55.0,Other,North,True
2023-10-09,P1011,Sports,221.38,55.0,Other,West,False
2023-03-04,P1038,Beauty,362.39,45.0,Male,North,False
2023-08-05,P1001,Beauty,,47.0,Female,North,True
2023-12-08,P1031,Clothing,219.48,20.0,Female,South,False
2023-11-11,P1012,Home,169.91,45.0,Female,North,False
2023-10-10,P1045,Clothing,421.43,20.0,Other,North,False
2023-06-26,P1026,Sports,80.47,62.0,Male,East,True
2023-04-08,P1048,Sports,220.75,51.0,Female,North,False
2023-04-15,P1040,Sports,452.84,33.0,Other,East,True
2023-04-09,P1016,Clothing,424.47,39.0,Female,North,False
2023-11-07,P1039,Beauty,206.46,49.0,Male,North,True
2023-01-06,P1030,Beauty,383.92,55.0,Female,West,True
2023-07-16,P1033,Electronics,413.35,25.0,Male,West,False
2023-12-17,P1023,Sports,445.55,25.0,Male,East,False
2023-05-13,P1044,Beauty,276.81,23.0,Female,North,True
2023-12-24,P1034,Electronics,110.19,31.0,Female,South,True
2023-09-16,P1047,Beauty,135.1,49.0,Male,West,False
2023-01-23,P1005,Sports,154.89,52.0,Other,South,False
2023-02-22,P1018,Home,300.96,27.0,Male,West,False
2023-06-14,P1029,Sports,26.08,20.0,Female,West,True
2023-07-21,P1006,Clothing,321.66,29.0,Female,North,False
2023-03-24,P1009,Beauty,188.53,66.0,Other,West,True
2023-05-25,P1040,Beauty,154.67,48.0,Male,South,True
2023-03-26,P1031,Clothing,440.95,46.0,Male,West,False
2023-03-19,P1033,Clothing,235.4,22.0,Male,East,False
2023-01-01,P1027,Home,56.58,69.0,Female,North,False
2023-02-20,P1014,Beauty,415.11,42.0,Male,North,False
2023-06-22,P1029,Beauty,33.34,58.0,Other,East,False
2023-07-24,P1036,Home,,48.0,Female,East,False
2023-09-17,P1028,Electronics,389.21,38.0,Female,East,False
2023-10-15,P1021,Home,182.78,37.0,Male,West,True
2023-02-03,P1003,Sports,414.15,56.0,Other,North,True
2023-12-14,P1019,Beauty,262.67,39.0,Female,East,False
2023-04-05,P1031,Clothing,237.01,21.0,Female,West,False
2023-03-13,P1035,Sports,32.25,30.0,Male,East,True
2023-02-08,P1049,Beauty,152.11,62.0,Male,South,False
2023-06-03,P1003,Home,466.19,59.0,Other,South,True
2023-09-07,P1026,Sports,201.99,67.0,Male,North,False
2023-06-11,P1016,Beauty,277.88,66.0,Other,West,True
2023-04-28,P1011,Electronics,270.69,37.0,Female,South,False
2023-09-16,P1021,Electronics,299.31,69.0,Other,South,False
2023-11-02,P1016,Clothing,40.05,30.0,Other,West,True
2023-09-25,P1009,Beauty,187.47,34.0,Other,East,False
2023-02-23,P1000,Electronics,364.33,53.0,Female,West,False
2023-08-24,P1021,Home,1082.7,50.0,Male,East,False
2023-08-10,P1025,Beauty,109.75,18.0,Female,South,False
2023-09-08,P1017,Home,14.94,32.0,Male,South,False
2023-11-09,P1049,Home,224.37,30.0,Other,South,True
2023-04-22,P1013,Electronics,442.54,34.0,Other,North,False
2023-09-12,P1046,Beauty,35.43,41.0,Other,North,True
2023-10-30,P1028,Sports,103.65,25.0,Other,North,True
2023-07-26,P1011,Electronics,161.94,67.0,Other,West,True
2023-08-17,P1035,Electronics,368.55,44.0,Male,South,False
2023-12-07,P1034,Beauty,323.91,62.0,Male,South,False
2023-03-07,P1011,Beauty,213.81,40.0,Other,West,True
2023-03-16,P1006,Home,381.94,63.0,Female,North,True
2023-04-13,P1028,Beauty,308.72,25.0,Female,West,False
2023-07-11,P1010,Home,449.06,25.0,Other,North,True
2023-09-09,P1032,Electronics,410.83,43.0,Male,South,True
2023-08-14,P1005,Clothing,133.88,64.0,Female,East,True
2023-10-21,P1046,Sports,143.0,30.0,Female,North,False
2023-11-02,P1014,Electronics,71.42,56.0,Female,South,False
2023-04-08,P1031,Beauty,175.11,54.0,Other,South,False
2023-12-04,P1010,Sports,499.78,66.0,Female,East,False
2023-10-13,P1022,Clothing,208.82,45.0,Female,South,False
2023-12-01,P1025,Clothing,118.04,42.0,Female,South,False
2023-12-13,P1033,Home,383.62,33.0,Female,North,False
2023-11-04,P1045,Sports,275.81,19.0,Male,North,False
2023-09-06,P1033,Home,83.3,35.0,Other,East,True
2023-06-15,P1028,Electronics,196.54,34.0,Other,East,True
2023-12-01,P1003,Sports,213.09,47.0,Male,South,False
2023-01-30,P1016,Electronics,379.38,56.0,Male,North,False
2023-09-04,P1034,Home,20.13,30.0,Other,East,False
2023-04-16,P1012,Sports,141.82,49.0,Female,East,False
2023-02-20,P1040,Home,,67.0,Female,West,False
2023-03-22,P1038,Sports,141.73,46.0,Other,East,True
2023-05-13,P1014,Home,317.93,63.0,Female,South,False
2023-10-12,P1028,Clothing,246.12,47.0,Male,North,False
2023-05-18,P1028,Home,187.24,35.0,Female,East,False
2023-07-03,P1010,Clothing,475.11,30.0,Female,West,False
2023-11-26,P1031,Home,319.76,60.0,Female,North,False
2023-09-30,P1001,Sports,73.67,38.0,Other,East,True
2023-12-06,P1046,Sports,284.44,47.0,Male,West,False
2023-03-10,P1013,Sports,392.56,38.0,Female,East,True
2023-02-03,P1019,Beauty,357.16,65.0,Other,North,False
2023-09-19,P1021,Electronics,94.32,34.0,Female,North,False
2023-02-22,P1010,Sports,486.49,57.0,Male,North,False
2023-07-24,P1026,Clothing,229.92,36.0,Female,South,False
2023-05-06,P1002,Sports,87.92,69.0,Male,East,False
2023-08-23,P1016,Beauty,98.3,32.0,Female,South,False
2023-02-12,P1043,Clothing,58.14,26.0,Male,North,False
2023-08-28,P1027,Beauty,403.72,69.0,Female,West,False
2023-04-21,P1028,Clothing,69.79,27.0,Male,East,False
2023-09-06,P1020,Home,71.31,61.0,Female,South,False
2023-05-31,P1046,Electronics,426.73,48.0,Female,East,True
2023-07-02,P1015,Electronics,178.86,40.0,Other,West,False
2023-12-02,P1036,Beauty,25.12,69.0,Other,South,False
2023-04-05,P1019,Electronics,35.43,47.0,Male,North,True
2023-01-08,P1005,Beauty,79.66,50.0,Female,South,True
2023-12-26,P1018,Beauty,114.56,69.0,Male,East,True
2023-07-03,P1004,Beauty,335.92,26.0,Other,East,False
2023-10-08,P1002,Electronics,87.09,64.0,Male,East,False
2023-07-14,P1000,Beauty,68.25,18.0,Male,East,False
2023-12-18,P1037,Electronics,384.71,61.0,Other,North,True
2023-07-14,P1014,Beauty,338.82,,Female,South,False
2023-06-04,P1033,Sports,,28.0,Male,North,True
2023-04-03,P1034,Beauty,279.16,51.0,Other,North,False
2023-06-09,P1048,Clothing,162.87,33.0,Female,North,False
2023-03-02,P1024,Beauty,246.43,26.0,Other,East,True
2023-05-02,P1023,Home,258.27,49.0,Male,East,False
2023-02-20,P1011,Beauty,199.75,32.0,Female,East,True
2023-10-04,P1017,Clothing,454.22,29.0,Female,South,False
2023-01-05,P1014,Clothing,,50.0,Other,West,False
2023-04-02,P1043,Electronics,393.26,62.0,Other,East,False
2023-06-19,P1015,Sports,70.95,31.0,Other,South,True
2023-11-13,P1026,Beauty,400.8,25.0,Female,East,True
2023-01-22,P1007,Electronics,311.8,25.0,Female,East,False
2023-11-22,P1045,Sports,423.21,44.0,Male,North,True
2023-01-01,P1024,Beauty,57.78,29.0,Female,North,False
2023-05-13,P1016,Home,283.9,18.0,Male,North,False
2023-08-21,P1028,Beauty,255.53,60.0,Other,South,True
2023-01-12,P1007,Clothing,356.03,57.0,Other,West,True
2023-12-12,P1014,Clothing,271.8,,Female,West,False
2023-02-15,P1026,Home,274.96,68.0,Other,South,False
2023-02-03,P1045,Electronics,220.5,28.0,Other,East,False
2023-03-19,P1049,Sports,161.33,56.0,Female,South,False
2023-08-06,P1006,Beauty,,60.0,Male,East,False
2023-10-28,P1002,Clothing,68.06,48.0,Female,South,True
2023-03-14,P1028,Electronics,,34.0,Male,South,False
2023-10-09,P1043,Home,360.06,50.0,Female,South,False
2023-09-06,P1023,Clothing,476.71,49.0,Female,West,True
2023-02-16,P1002,Home,121.1,46.0,Other,North,True
2023-05-01,P1019,Beauty,440.88,38.0,Female,South,True
2023-08-02,P1045,Sports,406.31,38.0,Female,West,True
2023-08-27,P1014,Clothing,341.8,57.0,Male,North,False
2023-02-25,P1024,Clothing,316.26,40.0,Other,North,False
2023-12-16,P1029,Beauty,165.11,23.0,Male,South,True
2023-04-17,P1013,Electronics,410.04,39.0,Male,East,False
2023-11-15,P1006,Sports,255.74,67.0,Other,East,False
2023-02-17,P1016,Clothing,44.74,55.0,Other,East,False
2023-03-02,P1043,Sports,163.3,54.0,Other,South,False
2023-12-03,P1019,Clothing,468.3,62.0,Female,East,True
2023-01-26,P1035,Sports,426.83,68.0,Other,West,False
2023-10-19,P1008,Home,491.13,25.0,Other,West,False
2023-09-14,P1037,Clothing,317.72,,Other,West,True
2023-01-08,P1047,Sports,131.28,66.0,Male,West,True
2023-04-23,P1021,Electronics,89.78,,Male,North,True
2023-12-21,P1001,Home,101.59,68.0,Female,West,True
2023-09-10,P1023,Home,19.7,,Male,East,False
2023-06-29,P1007,Electronics,201.43,41.0,Female,South,False
2023-07-26,P1010,Sports,103.8,66.0,Male,East,False
2023-10-30,P1012,Beauty,211.71,38.0,Other,West,False
2023-05-07,P1016,Electronics,468.15,68.0,Male,North,False
2023-02-25,P1007,Sports,220.96,19.0,Female,West,False
2023-08-02,P1020,Electronics,440.21,57.0,Male,South,False
2023-01-14,P1017,Electronics,306.7,36.0,Other,East,True
2023-01-28,P1029,Clothing,131.09,56.0,Female,South,False
2023-03-19,P1017,Sports,184.37,45.0,Other,South,False
2023-08-04,P1045,Beauty,,34.0,Other,South,True
2023-12-31,P1046,Clothing,173.4,23.0,Female,East,False
2023-06-03,P1030,Electronics,342.0,36.0,Other,West,False
2023-01-14,P1037,Electronics,45.33,55.0,Other,South,False
2023-07-06,P1031,Electronics,110.65,45.0,Male,East,False
2023-11-08,P1010,Sports,196.91,19.0,Other,North,False
2023-01-07,P1044,Sports,491.2,55.0,Other,East,False
2023-01-03,P1024,Clothing,394.58,54.0,Other,North,False
2023-04-21,P1032,Beauty,369.41,68.0,Other,East,False
2023-08-26,P1037,Clothing,66.93,69.0,Female,West,False
2023-12-29,P1040,Home,392.69,21.0,Male,South,False
2023-08-27,P1007,Electronics,394.78,39.0,Other,West,False
2023-10-01,P1010,Electronics,304.54,43.0,Other,East,False
2023-10-21,P1021,Electronics,495.28,66.0,Female,South,False
2023-08-15,P1023,Clothing,1693.7,60.0,Other,North,True
2023-01-15,P1040,Clothing,471.22,53.0,Female,East,True
2023-07-11,P1016,Electronics,458.22,30.0,Male,South,True
2023-04-29,P1011,Clothing,15.63,69.0,Male,North,False
2023-01-28,P1045,Sports,230.56,49.0,Other,North,True
2023-07-21,P1031,Sports,488.78,34.0,Other,West,True
2023-02-08,P1014,Clothing,605.3,58.0,Other,East,False
2023-09-30,P1015,Electronics,278.41,53.0,Female,North,False
2023-08-19,P1021,Clothing,489.69,63.0,Other,South,False
2023-03-27,P1027,Clothing,282.19,36.0,Other,North,True
2023-05-06,P1019,Clothing,103.01,52.0,Male,North,False
2023-10-27,P1032,Home,295.27,63.0,Other,West,False
2023-01-25,P1009,Sports,110.18,57.0,Male,West,False
2023-05-25,P1039,Beauty,264.66,45.0,Other,South,False
2023-01-13,P1031,Beauty,,18.0,Male,West,False
2023-07-31,P1049,Home,306.69,59.0,Other,North,True
2023-01-25,P1032,Clothing,263.23,35.0,Male,North,True
2023-03-09,P1001,Home,372.68,65.0,Female,West,True
2023-03-08,P1032,Home,319.04,57.0,Male,North,False
2023-08-21,P1032,Electronics,279.31,50.0,Male,North,False
2023-04-19,P1040,Sports,347.99,29.0,Male,South,False
2023-05-26,P1012,Beauty,,25.0,Other,West,True
2023-04-21,P1029,Clothing,301.73,41.0,Other,North,False
2023-08-16,P1032,Beauty,94.33,33.0,Other,West,False
2023-04-21,P1012,Beauty,463.51,67.0,Female,South,False
2023-02-03,P1025,Sports,43.48,21.0,Female,West,False
2023-04-21,P1021,Beauty,220.88,55.0,Male,North,True
2023-09-21,P1038,Beauty,350.94,61.0,Female,West,False
2023-08-24,P1001,Home,234.43,44.0,Male,North,False
2023-03-24,P1037,Sports,55.13,26.0,Male,North,True
2023-02-11,P1038,Electronics,281.16,64.0,Male,North,True
2023-04-11,P1025,Clothing,324.4,33.0,Female,South,False
2023-01-06,P1045,Beauty,354.86,29.0,Other,West,False
2023-06-29,P1049,Clothing,192.9,48.0,Female,South,False
2023-10-09,P1014,Electronics,286.19,41.0,Male,West,True
2023-11-16,P1033,Clothing,230.84,31.0,Male,South,False
2023-08-14,P1041,Electronics,339.31,62.0,Female,East,False
2023-11-11,P1043,Home,295.94,42.0,Male,North,False
2023-12-31,P1048,Beauty,267.62,51.0,Male,North,False
2023-08-17,P1039,Electronics,132.27,20.0,Female,South,True
2023-10-16,P1010,Clothing,10.99,41.0,Female,East,False
2023-05-30,P1002,Beauty,,59.0,Female,North,False
2023-10-04,P1005,Home,67.36,26.0,Male,West,False
2023-07-17,P1008,Beauty,,43.0,Male,South,False
2023-03-11,P1005,Electronics,310.01,37.0,Other,North,False
2023-04-22,P1008,Home,114.41,57.0,Other,North,False
2023-01-04,P1038,Clothing,470.14,27.0,Female,South,False
2023-12-16,P1030,Home,13.27,36.0,Other,South,False
2023-11-27,P1031,Home,388.43,20.0,Male,West,False
2023-11-14,P1040,Sports,316.35,41.0,Other,West,False
2023-12-16,P1049,Home,193.04,,Male,North,False
2023-04-05,P1011,Home,,20.0,Female,North,False
2023-06-01,P1007,Beauty,317.47,44.0,Female,South,True
2023-11-07,P1007,Clothing,198.95,33.0,Male,North,False
2023-05-17,P1049,Beauty,468.77,66.0,Other,North,True
2023-09-04,P1027,Beauty,275.58,32.0,Female,South,False
2023-08-31,P1019,Electronics,470.43,52.0,Female,North,False
2023-01-31,P1046,Beauty,118.04,29.0,Other,North,False
2023-02-09,P1006,Sports,365.61,58.0,Other,East,False
2023-08-17,P1010,Sports,,61.0,Male,West,False
2023-02-05,P1019,Electronics,372.31,43.0,Other,South,False
2023-08-11,P1015,Clothing,115.19,64.0,Other,East,True
2023-01-06,P1003,Clothing,335.85,51.0,Other,West,False
2023-11-18,P1005,Beauty,254.04,40.0,Male,West,True
2023-08-08,P1021,Beauty,373.98,,Male,West,False
2023-03-16,P1025,Beauty,170.25,67.0,Female,East,False
2023-01-04,P1002,Clothing,446.13,37.0,Male,East,False
2023-12-01,P1040,Home,51.31,29.0,Female,West,True
2023-05-14,P1041,Sports,405.52,40.0,Other,North,True
2023-04-28,P1013,Home,432.05,21.0,Female,North,False
2023-04-04,P1010,Home,410.45,,Female,East,False
2023-03-03,P1017,Clothing,261.24,65.0,Other,East,False
2023-07-13,P1011,Home,224.81,65.0,Female,East,False
2023-12-01,P1022,Electronics,498.17,18.0,Male,West,False
2023-07-22,P1011,Beauty,122.29,42.0,Male,North,True
2023-01-26,P1012,Electronics,277.97,19.0,Male,East,False
2023-06-22,P1024,Sports,338.63,47.0,Male,East,False
2023-10-27,P1044,Beauty,353.43,20.0,Female,South,True
2023-05-13,P1018,Home,109.97,38.0,Female,West,False
2023-11-22,P1045,Sports,330.46,42.0,Other,South,True
2023-04-28,P1035,Beauty,411.0,37.0,Female,North,False
2023-11-20,P1044,Home,34.51,66.0,Female,South,True
2023-10-02,P1007,Electronics,456.65,69.0,Female,South,False
2023-07-31,P1028,Beauty,24.46,39.0,Other,South,True
2023-08-13,P1031,Home,184.43,38.0,Male,West,False
2023-01-20,P1043,Electronics,17.75,50.0,Female,North,False
2023-04-23,P1017,Sports,,69.0,Other,South,False
2023-05-20,P1005,Sports,456.47,55.0,Other,West,False
2023-02-16,P1017,Sports,183.88,32.0,Other,North,False
2023-01-01,P1018,Sports,218.14,63.0,Male,East,True
2023-03-31,P1021,Clothing,115.52,69.0,Female,South,False
2023-05-22,P1036,Beauty,302.58,32.0,Other,North,True
2023-11-16,P1031,Beauty,301.45,63.0,Male,South,False
2023-02-07,P1040,Clothing,192.38,42.0,Other,East,False
2023-10-20,P1002,Home,173.19,38.0,Other,North,False
2023-05-19,P1027,Home,443.63,41.0,Other,West,False
2023-12-22,P1009,Sports,,22.0,Other,North,True
2023-11-29,P1034,Electronics,251.82,23.0,Other,West,True
